<?xml version="1.0" encoding="UTF-8"?>
<!DOCTYPE hibernate-configuration PUBLIC 
  "-//Hibernate/Hibernate Configuration DTD 3.0//EN" 
  "http://www.hibernate.org/dtd/hibernate-configuration-3.0.dtd">
<!-- Version 8 MySQL hiberante-cfg.xml example for Hibernate 5 -->
<hibernate-configuration>
  <session-factory>
    <property name="hibernate.connection.driver_class">com.mysql.cj.jdbc.Driver</property>
    <property name="hibernate.connection.url">jdbc:mysql://localhost:3306/TCSindia</property>
    <property name="hibernate.dialect">org.hibernate.dialect.MySQL8Dialect</property>
    <property name="hibernate.connection.username">root</property>
    <property name="hibernate.connection.password">MyNewPass</property>
    
    <property name="hibernate.dialect">org.hibernate.dialect.MySQLDialect</property>
    
    <property name="show_sql">true</property>
    <property name="hbm2ddl.auto">create</property>
    
    <mapping class="com.demo.model.Student"/>
  </session-factory>
</hibernate-configuration>